INSERT INTO LIGHT (ID, LEVEL, STATUS) VALUES (1, 2,'ON');
INSERT INTO LIGHT (ID, LEVEL, STATUS) VALUES (2, 20,'OFF');
INSERT INTO LIGHT (ID, LEVEL, STATUS) VALUES (3, 200,'ON');
INSERT INTO LIGHT (ID, LEVEL, STATUS) VALUES (6, 42,'ON');


INSERT INTO NOISE (ID, LEVEL, STATUS) VALUES (1, 3,'ON');
INSERT INTO NOISE (ID, LEVEL, STATUS) VALUES (2, 30,'ON');
INSERT INTO NOISE (ID, LEVEL, STATUS) VALUES (3, 300,'OFF');
INSERT INTO NOISE (ID, LEVEL, STATUS) VALUES (6, 42,'ON');

INSERT INTO ROOM (ID, LIGHT_ID, NOISE_ID) VALUES (1, 1, 1);
INSERT INTO ROOM (ID, LIGHT_ID, NOISE_ID) VALUES (2, 2, 2);
INSERT INTO ROOM (ID, LIGHT_ID, NOISE_ID) VALUES (3, 3, 3);
INSERT INTO ROOM (ID, LIGHT_ID, NOISE_ID) VALUES (6, 6, 6);


INSERT INTO LIGHT (ID, LEVEL, STATUS) VALUES (4, 40,'OFF');
INSERT INTO NOISE (ID, LEVEL, STATUS) VALUES (4, 50,'OFF');
INSERT INTO ROOM (ID, LIGHT_ID, NOISE_ID) VALUES (4, 4, 4);

INSERT INTO LIGHT (ID, LEVEL, STATUS) VALUES (5, 25,'ON');
INSERT INTO NOISE (ID, LEVEL, STATUS) VALUES (5, 43,'ON');
INSERT INTO ROOM (ID, LIGHT_ID, NOISE_ID) VALUES (5, 5, 5);


INSERT INTO BUILDING (BUILDINGID,NOM) VALUES (1, 'ValentinTower');
INSERT INTO BUILDING (BUILDINGID,NOM) VALUES (2, 'JimmyTower');
INSERT INTO BUILDING (BUILDINGID,NOM) VALUES (3, 'TowerOfDreams');

INSERT INTO BUILDING_ROOMS (BUILDING_BUILDINGID,ROOMS_ID) VALUES (1, 1);
INSERT INTO BUILDING_ROOMS (BUILDING_BUILDINGID,ROOMS_ID) VALUES (1, 2);
INSERT INTO BUILDING_ROOMS (BUILDING_BUILDINGID,ROOMS_ID) VALUES (1, 3);
INSERT INTO BUILDING_ROOMS (BUILDING_BUILDINGID,ROOMS_ID) VALUES (2, 4);
INSERT INTO BUILDING_ROOMS (BUILDING_BUILDINGID,ROOMS_ID) VALUES (2, 5);
INSERT INTO BUILDING_ROOMS (BUILDING_BUILDINGID,ROOMS_ID) VALUES (3, 6);